typeCode,freqCode,refPeriodId,refYear,refMonth,period,reporterCode,reporterISO,reporterDesc,flowCode,flowDesc,partnerCode,partnerISO,partnerDesc,partner2Code,partner2ISO,partner2Desc,classificationCode,classificationSearchCode,isOriginalClassification,cmdCode,cmdDesc,aggrLevel,isLeaf,customsCode,customsDesc,mosCode,motCode,motDesc,qtyUnitCode,qtyUnitAbbr,qty,isQtyEstimated,altQtyUnitCode,altQtyUnitAbbr,altQty,isAltQtyEstimated,netWgt,isNetWgtEstimated,grossWgt,isGrossWgtEstimated,cifvalue,fobvalue,primaryValue,legacyEstimationFlag,isReported,isAggregate
"C","A","20230101","2023","52","2023","699","IND","India","X","Export","0","W00","World","0","W00","World","H6","HS","true","520100","Cotton; not carded or combed","6","true","C00","TOTAL CPC","0","0","TOTAL MOT","8","kg","344866254.693","true","8","kg","344866197","false","344866254.693","true","0","false",,"755662373.468","755662373.468","6","false","true",
"C","A","20230101","2023","52","2023","699","IND","India","X","Export","12","DZA","Algeria","0","W00","World","H6","HS","true","520100","Cotton; not carded or combed","6","true","C00","TOTAL CPC","0","0","TOTAL MOT","8","kg","15","false","8","kg","15","false","15","false","0","false",,"36.38","36.38","0","false","true",
"C","A","20230101","2023","52","2023","699","IND","India","X","Export","36","AUS","Australia","0","W00","World","H6","HS","true","520100","Cotton; not carded or combed","6","true","C00","TOTAL CPC","0","0","TOTAL MOT","8","kg","854","false","8","kg","854","false","854","false","0","false",,"4614.096","4614.096","0","false","true",
"C","A","20230101","2023","52","2023","699","IND","India","X","Export","50","BGD","Bangladesh","0","W00","World","H6","HS","true","520100","Cotton; not carded or combed","6","true","C00","TOTAL CPC","0","0","TOTAL MOT","8","kg","250008542","false","8","kg","250008542","false","250008542","false","0","false",,"556835566.353","556835566.353","0","false","true",
"C","A","20230101","2023","52","2023","699","IND","India","X","Export","56","BEL","Belgium","0","W00","World","H6","HS","true","520100","Cotton; not carded or combed","6","true","C00","TOTAL CPC","0","0","TOTAL MOT","8","kg","324381","false","8","kg","324381","false","324381","false","0","false",,"740932.424","740932.424","0","false","true",
"C","A","20230101","2023","52","2023","699","IND","India","X","Export","64","BTN","Bhutan","0","W00","World","H6","HS","true","520100","Cotton; not carded or combed","6","true","C00","TOTAL CPC","0","0","TOTAL MOT","8","kg","534","false","8","kg","534","false","534","false","0","false",,"1681.638","1681.638","0","false","true",
"C","A","20230101","2023","52","2023","699","IND","India","X","Export","100","BGR","Bulgaria","0","W00","World","H6","HS","true","520100","Cotton; not carded or combed","6","true","C00","TOTAL CPC","0","0","TOTAL MOT","8","kg","242999","false","8","kg","242999","false","242999","false","0","false",,"550039.738","550039.738","0","false","true",
"C","A","20230101","2023","52","2023","699","IND","India","X","Export","104","MMR","Myanmar","0","W00","World","H6","HS","true","520100","Cotton; not carded or combed","6","true","C00","TOTAL CPC","0","0","TOTAL MOT","8","kg","98053","false","8","kg","98053","false","98053","false","0","false",,"235221.504","235221.504","0","false","true",
"C","A","20230101","2023","52","2023","699","IND","India","X","Export","124","CAN","Canada","0","W00","World","H6","HS","true","520100","Cotton; not carded or combed","6","true","C00","TOTAL CPC","0","0","TOTAL MOT","8","kg","348","false","8","kg","348","false","348","false","0","false",,"568.952","568.952","0","false","true",
"C","A","20230101","2023","52","2023","699","IND","India","X","Export","144","LKA","Sri Lanka","0","W00","World","H6","HS","true","520100","Cotton; not carded or combed","6","true","C00","TOTAL CPC","0","0","TOTAL MOT","8","kg","14247","false","8","kg","14247","false","14247","false","0","false",,"4667.207","4667.207","0","false","true",
"C","A","20230101","2023","52","2023","699","IND","India","X","Export","156","CHN","China","0","W00","World","H6","HS","true","520100","Cotton; not carded or combed","6","true","C00","TOTAL CPC","0","0","TOTAL MOT","8","kg","39540608","false","8","kg","39540608","false","39540608","false","0","false",,"91777790.444","91777790.444","0","false","true",
"C","A","20230101","2023","52","2023","699","IND","India","X","Export","251","FRA","France","0","W00","World","H6","HS","true","520100","Cotton; not carded or combed","6","true","C00","TOTAL CPC","0","0","TOTAL MOT","8","kg","80415","false","8","kg","80415","false","80415","false","0","false",,"377221.008","377221.008","0","false","true",
"C","A","20230101","2023","52","2023","699","IND","India","X","Export","276","DEU","Germany","0","W00","World","H6","HS","true","520100","Cotton; not carded or combed","6","true","C00","TOTAL CPC","0","0","TOTAL MOT","8","kg","1253","false","8","kg","1253","false","1253","false","0","false",,"3363.155","3363.155","0","false","true",
"C","A","20230101","2023","52","2023","699","IND","India","X","Export","300","GRC","Greece","0","W00","World","H6","HS","true","520100","Cotton; not carded or combed","6","true","C00","TOTAL CPC","0","0","TOTAL MOT","8","kg","332941","false","8","kg","332941","false","332941","false","0","false",,"779696.624","779696.624","0","false","true",
"C","A","20230101","2023","52","2023","699","IND","India","X","Export","324","GIN","Guinea","0","W00","World","H6","HS","true","520100","Cotton; not carded or combed","6","true","C00","TOTAL CPC","0","0","TOTAL MOT","8","kg","45","false","8","kg","45","false","45","false","0","false",,"31.234","31.234","0","false","true",
"C","A","20230101","2023","52","2023","699","IND","India","X","Export","360","IDN","Indonesia","0","W00","World","H6","HS","true","520100","Cotton; not carded or combed","6","true","C00","TOTAL CPC","0","0","TOTAL MOT","8","kg","8846773","false","8","kg","8846773","false","8846773","false","0","false",,"17896005.258","17896005.258","0","false","true",
"C","A","20230101","2023","52","2023","699","IND","India","X","Export","368","IRQ","Iraq","0","W00","World","H6","HS","true","520100","Cotton; not carded or combed","6","true","C00","TOTAL CPC","0","0","TOTAL MOT","8","kg","50","false","8","kg","50","false","50","false","0","false",,"57.13","57.13","0","false","true",
"C","A","20230101","2023","52","2023","699","IND","India","X","Export","372","IRL","Ireland","0","W00","World","H6","HS","true","520100","Cotton; not carded or combed","6","true","C00","TOTAL CPC","0","0","TOTAL MOT","8","kg","50","false","8","kg","50","false","50","false","0","false",,"159.877","159.877","0","false","true",
"C","A","20230101","2023","52","2023","699","IND","India","X","Export","380","ITA","Italy","0","W00","World","H6","HS","true","520100","Cotton; not carded or combed","6","true","C00","TOTAL CPC","0","0","TOTAL MOT","8","kg","44072","false","8","kg","44072","false","44072","false","0","false",,"101790.454","101790.454","0","false","true",
"C","A","20230101","2023","52","2023","699","IND","India","X","Export","392","JPN","Japan","0","W00","World","H6","HS","true","520100","Cotton; not carded or combed","6","true","C00","TOTAL CPC","0","0","TOTAL MOT","8","kg","1111554","false","8","kg","1111554","false","1111554","false","0","false",,"3298506.136","3298506.136","0","false","true",
"C","A","20230101","2023","52","2023","699","IND","India","X","Export","410","KOR","Rep. of Korea","0","W00","World","H6","HS","true","520100","Cotton; not carded or combed","6","true","C00","TOTAL CPC","0","0","TOTAL MOT","8","kg","23779","false","8","kg","23779","false","23779","false","0","false",,"66959.341","66959.341","0","false","true",
"C","A","20230101","2023","52","2023","699","IND","India","X","Export","442","LUX","Luxembourg","0","W00","World","H6","HS","true","520100","Cotton; not carded or combed","6","true","C00","TOTAL CPC","0","0","TOTAL MOT","8","kg","164","false","8","kg","164","false","164","false","0","false",,"980.654","980.654","0","false","true",
"C","A","20230101","2023","52","2023","699","IND","India","X","Export","462","MDV","Maldives","0","W00","World","H6","HS","true","520100","Cotton; not carded or combed","6","true","C00","TOTAL CPC","0","0","TOTAL MOT","8","kg","281","false","8","kg","281","false","281","false","0","false",,"1997.022","1997.022","0","false","true",
"C","A","20230101","2023","52","2023","699","IND","India","X","Export","480","MUS","Mauritius","0","W00","World","H6","HS","true","520100","Cotton; not carded or combed","6","true","C00","TOTAL CPC","0","0","TOTAL MOT","8","kg","22","false","8","kg","22","false","22","false","0","false",,"10.835","10.835","0","false","true",
"C","A","20230101","2023","52","2023","699","IND","India","X","Export","490","S19","Other Asia, nes","0","W00","World","H6","HS","true","520100","Cotton; not carded or combed","6","true","C00","TOTAL CPC","0","0","TOTAL MOT","8","kg","420158","false","8","kg","420158","false","420158","false","0","false",,"1407534.76","1407534.76","0","false","true",
"C","A","20230101","2023","52","2023","699","IND","India","X","Export","512","OMN","Oman","0","W00","World","H6","HS","true","520100","Cotton; not carded or combed","6","true","C00","TOTAL CPC","0","0","TOTAL MOT","8","kg","125","false","8","kg","125","false","125","false","0","false",,"207.019","207.019","0","false","true",
"C","A","20230101","2023","52","2023","699","IND","India","X","Export","524","NPL","Nepal","0","W00","World","H6","HS","true","520100","Cotton; not carded or combed","6","true","C00","TOTAL CPC","0","0","TOTAL MOT","8","kg","774627","false","8","kg","774627","false","774627","false","0","false",,"1469837.004","1469837.004","0","false","true",
"C","A","20230101","2023","52","2023","699","IND","India","X","Export","616","POL","Poland","0","W00","World","H6","HS","true","520100","Cotton; not carded or combed","6","true","C00","TOTAL CPC","0","0","TOTAL MOT","8","kg","332421","false","8","kg","332421","false","332421","false","0","false",,"710798.59","710798.59","0","false","true",
"C","A","20230101","2023","52","2023","699","IND","India","X","Export","620","PRT","Portugal","0","W00","World","H6","HS","true","520100","Cotton; not carded or combed","6","true","C00","TOTAL CPC","0","0","TOTAL MOT","8","kg","50413","false","8","kg","50413","false","50413","false","0","false",,"50434.749","50434.749","0","false","true",
"C","A","20230101","2023","52","2023","699","IND","India","X","Export","704","VNM","Viet Nam","0","W00","World","H6","HS","true","520100","Cotton; not carded or combed","6","true","C00","TOTAL CPC","0","0","TOTAL MOT","8","kg","31151164","false","8","kg","31151164","false","31151164","false","0","false",,"53868886.003","53868886.003","0","false","true",
"C","A","20230101","2023","52","2023","699","IND","India","X","Export","710","ZAF","South Africa","0","W00","World","H6","HS","true","520100","Cotton; not carded or combed","6","true","C00","TOTAL CPC","0","0","TOTAL MOT","8","kg","46","false","8","kg","46","false","46","false","0","false",,"165.083","165.083","0","false","true",
"C","A","20230101","2023","52","2023","699","IND","India","X","Export","724","ESP","Spain","0","W00","World","H6","HS","true","520100","Cotton; not carded or combed","6","true","C00","TOTAL CPC","0","0","TOTAL MOT","8","kg","8","false","8","kg","8","false","8","false","0","false",,"660.234","660.234","0","false","true",
"C","A","20230101","2023","52","2023","699","IND","India","X","Export","752","SWE","Sweden","0","W00","World","H6","HS","true","520100","Cotton; not carded or combed","6","true","C00","TOTAL CPC","0","0","TOTAL MOT","8","kg","266","false","8","kg","266","false","266","false","0","false",,"2395.612","2395.612","0","false","true",
"C","A","20230101","2023","52","2023","699","IND","India","X","Export","764","THA","Thailand","0","W00","World","H6","HS","true","520100","Cotton; not carded or combed","6","true","C00","TOTAL CPC","0","0","TOTAL MOT","8","kg","812466","false","8","kg","812466","false","812466","false","0","false",,"2176423.587","2176423.587","0","false","true",
"C","A","20230101","2023","52","2023","699","IND","India","X","Export","784","ARE","United Arab Emirates","0","W00","World","H6","HS","true","520100","Cotton; not carded or combed","6","true","C00","TOTAL CPC","0","0","TOTAL MOT","8","kg","10644863","false","8","kg","10644863","false","10644863","false","0","false",,"23256033.281","23256033.281","0","false","true",
"C","A","20230101","2023","52","2023","699","IND","India","X","Export","826","GBR","United Kingdom","0","W00","World","H6","HS","true","520100","Cotton; not carded or combed","6","true","C00","TOTAL CPC","0","0","TOTAL MOT","8","kg","6687","false","8","kg","6687","false","6687","false","0","false",,"36332.233","36332.233","0","false","true",
"C","A","20230101","2023","52","2023","699","IND","India","X","Export","834","TZA","United Rep. of Tanzania","0","W00","World","H6","HS","true","520100","Cotton; not carded or combed","6","true","C00","TOTAL CPC","0","0","TOTAL MOT","8","kg","15","false","8","kg","15","false","15","false","0","false",,"43.498","43.498","0","false","true",
"C","A","20230101","2023","52","2023","699","IND","India","X","Export","842","USA","USA","0","W00","World","H6","HS","true","520100","Cotton; not carded or combed","6","true","C00","TOTAL CPC","0","0","TOTAL MOT","8","kg","1015.693","true","8","kg","958","false","1015.693","true","0","false",,"4724.349","4724.349","6","false","true",
