Name,Address,City-Pin-State,Contact No.,Email
Summit Fabrics,"Plot No. 13, Commerce Complex",VARANASI-221001 UTTAR PRADESH,+91-90001-07919,supplier001@example.com
Metro Exports,"Plot No. 72, Textile Park",KOLHAPUR-416115 MAHARASHT RA,+91-90002-15838,supplier002@example.com
Coastal Yarns & Fabrics,"Plot No. 280, Textile Park",VIRUDHUNAGA R-626102 TAMILNADU,+91-90003-23757,supplier003@example.com
Amber Textile Exports,"Plot No. 17, Industrial Area",KOLHAPUR-416115 MAHARASHT RA,+91-90004-31676,supplier004@example.com
Golden Exports,"Plot No. 120, Industrial Area",ERODE-638109 TAMILNADU,+91-90005-39595,supplier005@example.com
Vista Exports,"Plot No. 280, Export Zone",TIRUPUR-641663 TAMILNADU,+91-90006-47514,supplier006@example.com
Metro Cotton Traders,"Plot No. 143, Industrial Area",SIVAGIRI-638109 TAMILNADU,+91-90007-55433,supplier007@example.com
Starlight Cotton Mills,"Plot No. 217, Business Park",SALEM-636003 TAMILNADU,+91-90008-63352,supplier008@example.com
Continental Cotton Mills,"Plot No. 111, Business Park",SALEM-636015 TAMILNADU,+91-90009-71271,supplier009@example.com
Blue Sky Fabrics,"Plot No. 195, Textile Park",MUMBAI-400054 MAHARASHT RA,+91-90010-79190,supplier010@example.com
Heritage Weaving Co.,"Plot No. 136, Industrial Area",MUMBAI-400054 MAHARASHT RA,+91-90011-87109,supplier011@example.com
Lotus Cotton Traders,"Plot No. 275, Textile Park",KOLHAPUR-416416 MAHARASHT RA,+91-90012-95028,supplier012@example.com
Maple Textile Exports,"Plot No. 41, Commerce Complex",ERODE-638005 TAMILNADU,+91-90013-02947,supplier013@example.com
Northstar Cotton Exports,"Plot No. 186, Mill Road",KOLHAPUR-416115 MAHARASHT RA,+91-90014-10866,supplier014@example.com
Highland Fabrics,"Plot No. 24, Mill Road",KARUR-639002 TAMILNADU,+91-90015-18785,supplier015@example.com
Starlight Spinning Mills,"Plot No. 41, Mill Road",KARUR-639001 TAMILNADU,+91-90016-26704,supplier016@example.com
Aster Fabrics,"Plot No. 195, Commerce Complex",BHILWARA-311001 RAJASTHAN,+91-90017-34623,supplier017@example.com
Everest Cotton Exports,"Plot No. 187, Trade Estate",SURAT-395008 GUJARAT,+91-90018-42542,supplier018@example.com
National Cotton Exports,"Plot No. 137, Textile Park",BHIWANDI-421302 MAHARASHT RA,+91-90019-50461,supplier019@example.com
Meridian Cotton Exports,"Plot No. 88, Mill Road",NASHIK-423203 MAHARASHT RA,+91-90020-58380,supplier020@example.com
Green Field Cotton Traders,"Plot No. 195, Commerce Complex",AVINASHI-641654 TAMILNADU,+91-90021-66299,supplier021@example.com
Maple Cotton Exports,"Plot No. 286, Mill Road",MUMBAI-400002 MAHARASHT RA,+91-90022-74218,supplier022@example.com
Coastal Weaving Co.,"Plot No. 29, Mill Road",KARUR-639004 TAMILNADU,+91-90023-82137,supplier023@example.com
Northstar Textiles,"Plot No. 162, Export Zone",KARUR-639002 TAMILNADU,+91-90024-90056,supplier024@example.com
Continental Fabrics,"Plot No. 109, Business Park",BHIWANDI-421302 MAHARASHT RA,+91-90025-97975,supplier025@example.com
Vantage Textile Exports,"Plot No. 235, Trade Estate",KARUR-639002 TAMIL NADU,+91-90026-05894,supplier026@example.com
Metro Yarns & Fabrics,"Plot No. 288, Commerce Complex",JAIPUR-302001 RAJASTHAN,+91-90027-13813,supplier027@example.com
Lotus Textile Industries,"Plot No. 220, Export Zone",MIRZAPUR-231001 UTTAR PRADESH,+91-90028-21732,supplier028@example.com
Heritage Exports,"Plot No. 71, Weavers Colony",ICHALKARANJI-416115 MAHARASHT RA,+91-90029-29651,supplier029@example.com
Golden Textiles,"Plot No. 57, Trade Estate",NASHIK-423203 MAHARASHT RA,+91-90030-37570,supplier030@example.com
Summit Cotton Mills,"Plot No. 217, Textile Park",AVINASHI-641654 TAMILNADU,+91-90031-45489,supplier031@example.com
Horizon Textile Exports,"Plot No. 240, Commerce Complex",MUMBAI-400002 MAHARASHT RA,+91-90032-53408,supplier032@example.com
Vista Textiles,"Plot No. 59, Commerce Complex",KARUR-639004 TAMILNADU,+91-90033-61327,supplier033@example.com
Starlight Cotton Exports,"Plot No. 175, Textile Park",KARUR-639002 TAMILNADU,+91-90034-69246,supplier034@example.com
Unity Textile Exports,"Plot No. 81, Weavers Colony",BHIWANDI-421302 MAHARASHT RA,+91-90035-77165,supplier035@example.com
Sunrise Yarns & Fabrics,"Plot No. 135, Trade Estate",KARUR-639002 TAMIL NADU,+91-90036-85084,supplier036@example.com
Prime Fabrics,"Plot No. 153, Mill Road",JAIPUR-302001 RAJASTHAN,+91-90037-93003,supplier037@example.com
Silver Line Weaving Co.,"Plot No. 83, Industrial Area",MIRZAPUR-231001 UTTAR PRADESH,+91-90038-00922,supplier038@example.com
Meridian Weaving Co.,"Plot No. 251, Industrial Area",ICHALKARANJI-416115 MAHARASHT RA,+91-90039-08841,supplier039@example.com
Blue Sky Weaving Co.,"Plot No. 158, Mill Road",ICHALKARANJI-416115 MAHARASHT RA,+91-90040-16760,supplier040@example.com
Riverside Exports,"Plot No. 291, Textile Park",BHILWARA-311001 RAJASTHAN,+91-90041-24679,supplier041@example.com
Golden Yarns & Fabrics,"Plot No. 249, Textile Park",KOLHAPUR-416121 MAHARASHTRA,+91-90042-32598,supplier042@example.com
Starlight Fibre Mills,"Plot No. 65, Trade Estate",KOLHAPUR-416121 MAHARASHT RA,+91-90043-40517,supplier043@example.com
Coastal Cotton Traders,"Plot No. 282, Trade Estate",KOLHAPUR-416121 MAHARASHT RA,+91-90044-48436,supplier044@example.com
Continental Fibre Mills,"Plot No. 217, Mill Road",KOLHAPUR-416115 MAHARASHT RA,+91-90045-56355,supplier045@example.com
Maple Fibre Mills,"Plot No. 103, Commerce Complex",KOLHAPUR-416129 MAHARASHT RA,+91-90046-64274,supplier046@example.com
Horizon Cotton Exports,"Plot No. 192, Weavers Colony",KOLHAPUR-416145 MAHARASHT RA,+91-90047-72193,supplier047@example.com
Cedar Fibre Mills,"Plot No. 232, Textile Park",KARUR-639008 TAMILNADU,+91-90048-80112,supplier048@example.com
Golden Weaving Co.,"Plot No. 11, Mill Road",MUMBAI-400054 MAHARASHT RA,+91-90049-88031,supplier049@example.com
Amber Exports,"Plot No. 4, Textile Park",ICHALKARANJI-416115 MAHARASHT RA,+91-90050-95950,supplier050@example.com
Highland Cotton Exports,"Plot No. 31, Mill Road",BHILWARA-311001 RAJASTHAN,+91-90051-03869,supplier051@example.com
Aster Weaving Co.,"Plot No. 37, Mill Road",KOLHAPUR-416121 MAHARASHTRA,+91-90052-11788,supplier052@example.com
Continental Cotton Exports,"Plot No. 249, Mill Road",KOLHAPUR-416121 MAHARASHT RA,+91-90053-19707,supplier053@example.com
Vista Cotton Mills,"Plot No. 293, Weavers Colony",KOLHAPUR-416121 MAHARASHT RA,+91-90054-27626,supplier054@example.com
Evergreen Textile Exports,"Plot No. 98, Textile Park",KOLHAPUR-416115 MAHARASHT RA,+91-90055-35545,supplier055@example.com
Blue Sky Cotton Exports,"Plot No. 221, Business Park",KOLHAPUR-416129 MAHARASHT RA,+91-90056-43464,supplier056@example.com
Crescent Textile Exports,"Plot No. 240, Industrial Area",KOLHAPUR-416145 MAHARASHT RA,+91-90057-51383,supplier057@example.com
Coastal Cotton Exports,"Plot No. 51, Industrial Area",KARUR-639008 TAMILNADU,+91-90058-59302,supplier058@example.com
Horizon Yarns & Fabrics,"Plot No. 174, Textile Park",MUMBAI-400054 MAHARASHT RA,+91-90059-67221,supplier059@example.com
National Fibre Mills,"Plot No. 230, Trade Estate",ICHALKARANJI-416115 MAHARASHT RA,+91-90060-75140,supplier060@example.com
Crescent Cotton Mills,"Plot No. 143, Weavers Colony",BHILWARA-311001 RAJASTHAN,+91-90061-83059,supplier061@example.com
Metro Fabrics,"Plot No. 227, Textile Park",KOLHAPUR-416121 MAHARASHTRA,+91-90062-90978,supplier062@example.com
Riverside Cotton Exports,"Plot No. 277, Industrial Area",KOLHAPUR-416121 MAHARASHT RA,+91-90063-98897,supplier063@example.com
Green Field Textile Exports,"Plot No. 249, Weavers Colony",KOLHAPUR-416121 MAHARASHT RA,+91-90064-06816,supplier064@example.com
National Textile Exports,"Plot No. 31, Trade Estate",KOLHAPUR-416115 MAHARASHT RA,+91-90065-14735,supplier065@example.com
Horizon Textiles,"Plot No. 200, Commerce Complex",KOLHAPUR-416129 MAHARASHT RA,+91-90066-22654,supplier066@example.com
Maple Cotton Traders,"Plot No. 147, Export Zone",KOLHAPUR-416145 MAHARASHT RA,+91-90067-30573,supplier067@example.com
Highland Yarns & Fabrics,"Plot No. 285, Weavers Colony",KARUR-639008 TAMILNADU,+91-90068-38492,supplier068@example.com
Silver Line Exports,"Plot No. 152, Mill Road",MUMBAI-400054 MAHARASHT RA,+91-90069-46411,supplier069@example.com
Riverside Textile Industries,"Plot No. 278, Industrial Area",ICHALKARANJI-416115 MAHARASHT RA,+91-90070-54330,supplier070@example.com
Lotus Weaving Co.,"Plot No. 30, Industrial Area",BHILWARA-311001 RAJASTHAN,+91-90071-62249,supplier071@example.com
Amber Cotton Traders,"Plot No. 258, Trade Estate",KOLHAPUR-416121 MAHARASHTRA,+91-90072-70168,supplier072@example.com
Riverside Fibre Mills,"Plot No. 42, Trade Estate",KOLHAPUR-416121 MAHARASHT RA,+91-90073-78087,supplier073@example.com
Golden Textile Industries,"Plot No. 35, Mill Road",KOLHAPUR-416121 MAHARASHT RA,+91-90074-86006,supplier074@example.com
Horizon Fabrics,"Plot No. 292, Mill Road",KOLHAPUR-416115 MAHARASHT RA,+91-90075-93925,supplier075@example.com
Amber Textile Industries,"Plot No. 21, Textile Park",KOLHAPUR-416129 MAHARASHT RA,+91-90076-01844,supplier076@example.com
Crescent Cotton Exports,"Plot No. 299, Business Park",KOLHAPUR-416145 MAHARASHT RA,+91-90077-09763,supplier077@example.com
Maple Spinning Mills,"Plot No. 105, Business Park",KARUR-639008 TAMILNADU,+91-90078-17682,supplier078@example.com
Metro Spinning Mills,"Plot No. 203, Trade Estate",MUMBAI-400054 MAHARASHT RA,+91-90079-25601,supplier079@example.com
Unity Cotton Traders,"Plot No. 162, Textile Park",ICHALKARANJI-416115 MAHARASHT RA,+91-90080-33520,supplier080@example.com
Sunrise Cotton Traders,"Plot No. 289, Textile Park",BHILWARA-311001 RAJASTHAN,+91-90081-41439,supplier081@example.com
Golden Fibre Mills,"Plot No. 110, Commerce Complex",KOLHAPUR-416121 MAHARASHTRA,+91-90082-49358,supplier082@example.com
Cedar Fabrics,"Plot No. 126, Business Park",KOLHAPUR-416121 MAHARASHT RA,+91-90083-57277,supplier083@example.com
Unity Cotton Mills,"Plot No. 225, Commerce Complex",KOLHAPUR-416121 MAHARASHT RA,+91-90084-65196,supplier084@example.com
Prime Textiles,"Plot No. 284, Commerce Complex",KOLHAPUR-416115 MAHARASHT RA,+91-90085-73115,supplier085@example.com
Blue Sky Cotton Mills,"Plot No. 136, Textile Park",KOLHAPUR-416129 MAHARASHT RA,+91-90086-81034,supplier086@example.com
Lotus Fibre Mills,"Plot No. 80, Commerce Complex",KOLHAPUR-416145 MAHARASHT RA,+91-90087-88953,supplier087@example.com
Unity Textile Industries,"Plot No. 108, Business Park",KARUR-639008 TAMILNADU,+91-90088-96872,supplier088@example.com
Summit Spinning Mills,"Plot No. 259, Weavers Colony",MUMBAI-400054 MAHARASHT RA,+91-90089-04791,supplier089@example.com
Continental Textiles,"Plot No. 48, Export Zone",AHMEDABAD-380002 GUJARAT,+91-90090-12710,supplier090@example.com
Northstar Spinning Mills,"Plot No. 23, Industrial Area",KOLHAPUR-416115 MAHARASHT RA,+91-90091-20629,supplier091@example.com
Pioneer Cotton Mills,"Plot No. 135, Trade Estate",BHIWANDI-421302 MAHARASHT RA,+91-90092-28548,supplier092@example.com
Vista Yarns & Fabrics,"Plot No. 219, Industrial Area",KOLHAPUR-416121 MAHARASHT RA,+91-90093-36467,supplier093@example.com
Cedar Yarns & Fabrics,"Plot No. 77, Industrial Area",ICHALKARANJI-416115 MAHARASHT RA,+91-90094-44386,supplier094@example.com
Northstar Weaving Co.,"Plot No. 299, Trade Estate",KOLHAPUR-416203 MAHARASHT RA,+91-90095-52305,supplier095@example.com
Riverside Spinning Mills,"Plot No. 187, Industrial Area",TIRUCHENGOD E-637211 TAMILNADU,+91-90096-60224,supplier096@example.com
Cedar Weaving Co.,"Plot No. 108, Mill Road",SURAT-395002 GUJARAT,+91-90097-68143,supplier097@example.com
Coastal Fabrics,"Plot No. 182, Export Zone",KOLHAPUR-416115 MAHARASHT RA,+91-90098-76062,supplier098@example.com
Meridian Yarns & Fabrics,"Plot No. 80, Mill Road",ERODE-638001 TAMILNADU,+91-90099-83981,supplier099@example.com
Aster Cotton Mills,"Plot No. 91, Export Zone",AHMEDABAD-380002 GUJARAT,+91-90100-91900,supplier100@example.com
Sunrise Cotton Mills,"Plot No. 171, Export Zone",KOLHAPUR-416115 MAHARASHT RA,+91-90101-99819,supplier101@example.com
Evergreen Cotton Exports,"Plot No. 128, Commerce Complex",BHIWANDI-421302 MAHARASHT RA,+91-90102-07738,supplier102@example.com
Green Field Yarns & Fabrics,"Plot No. 56, Export Zone",KOLHAPUR-416121 MAHARASHT RA,+91-90103-15657,supplier103@example.com
Aster Textiles,"Plot No. 241, Mill Road",ICHALKARANJI-416115 MAHARASHT RA,+91-90104-23576,supplier104@example.com
National Cotton Traders,"Plot No. 180, Commerce Complex",KOLHAPUR-416203 MAHARASHT RA,+91-90105-31495,supplier105@example.com
Northstar Exports,"Plot No. 115, Industrial Area",TIRUCHENGOD E-637211 TAMILNADU,+91-90106-39414,supplier106@example.com
Coastal Exports,"Plot No. 205, Business Park",KOLHAPUR-416115 MAHARASHT RA,+91-90107-47333,supplier107@example.com
Heritage Cotton Exports,"Plot No. 261, Export Zone",ERODE-638001 TAMILNADU,+91-90108-55252,supplier108@example.com
Coastal Fibre Mills,"Plot No. 170, Industrial Area",KOLHAPUR-416115 MAHARASHT RA,+91-90109-63171,supplier109@example.com
Blue Sky Spinning Mills,"Plot No. 92, Commerce Complex",KOLHAPUR-416109 MAHARASHT RA,+91-90110-71090,supplier110@example.com
Riverside Fabrics,"Plot No. 223, Business Park",ICHALKARANJI-416115 MAHARASHT RA,+91-90111-79009,supplier111@example.com
Crescent Textile Industries,"Plot No. 262, Textile Park",KOLHAPUR-416115 MAHARASHT RA,+91-90112-86928,supplier112@example.com
Horizon Textile Industries,"Plot No. 98, Commerce Complex",DHULE-424001 MAHARASHT RA,+91-90113-94847,supplier113@example.com
Riverside Yarns & Fabrics,"Plot No. 224, Industrial Area",DHULE-425405 MAHARASHT RA,+91-90114-02766,supplier114@example.com
Prime Fibre Mills,"Plot No. 101, Business Park",MUMBAI-400054 MAHARASHT RA,+91-90115-10685,supplier115@example.com
Crescent Fabrics,"Plot No. 170, Business Park",DHULE-425405 MAHARASHT RA,+91-90116-18604,supplier116@example.com
Lotus Spinning Mills,"Plot No. 260, Commerce Complex",NAMAKKAL-637201 TAMILNADU,+91-90117-26523,supplier117@example.com
Coastal Textile Exports,"Plot No. 168, Export Zone",NASHIK-423203 MAHARASHT RA,+91-90118-34442,supplier118@example.com
Highland Spinning Mills,"Plot No. 284, Trade Estate",KOLHAPUR-416121 MAHARASHT RA,+91-90119-42361,supplier119@example.com
Cedar Cotton Mills,"Plot No. 292, Commerce Complex",SALEM-636015 TAMILNADU,+91-90120-50280,supplier120@example.com
Horizon Fibre Mills,"Plot No. 1, Commerce Complex",TIRUPUR-641604 TAMILNADU,+91-90121-58199,supplier121@example.com
Unity Exports,"Plot No. 221, Business Park",PALLADAM-641664 TAMILNADU,+91-90122-66118,supplier122@example.com
Everest Cotton Traders,"Plot No. 227, Mill Road",CHATRAPATTI-626102 TAMILNADU,+91-90123-74037,supplier123@example.com
Prime Cotton Traders,"Plot No. 87, Textile Park",ICHALKARANJI-416217 MAHARASHT RA,+91-90124-81956,supplier124@example.com
Unity Fibre Mills,"Plot No. 172, Textile Park",COIMBATORE-641018 TAMILNADU,+91-90125-89875,supplier125@example.com
Coastal Spinning Mills,"Plot No. 116, Mill Road",COIMBATORE-641659 TAMILNADU,+91-90126-97794,supplier126@example.com
Silver Line Textiles,"Plot No. 24, Mill Road",COIMBATORE-641012 TAMILNADU,+91-90127-05713,supplier127@example.com
Vantage Textile Industries,"Plot No. 38, Weavers Colony",KARUR-639002 TAMILNADU,+91-90128-13632,supplier128@example.com
Horizon Cotton Traders,"Plot No. 205, Mill Road",KOLHAPUR-416118 MAHARASHT RA,+91-90129-21551,supplier129@example.com
Silver Line Cotton Exports,"Plot No. 3, Textile Park",KOLHAPUR-416109 MAHARASHT RA,+91-90130-29470,supplier130@example.com
Starlight Textile Exports,"Plot No. 113, Trade Estate",KOLHAPUR-416109 MAHARASHT RA,+91-90131-37389,supplier131@example.com
Evergreen Yarns & Fabrics,"Plot No. 266, Weavers Colony",KOLHAPUR-416118 MAHARASHT RA,+91-90132-45308,supplier132@example.com
Everest Cotton Mills,"Plot No. 238, Business Park",KARUR-639002 TAMILNADU,+91-90133-53227,supplier133@example.com
Starlight Cotton Traders,"Plot No. 259, Export Zone",ICHALKARANJI-416121 MAHARASHT RA,+91-90134-61146,supplier134@example.com
Northstar Fibre Mills,"Plot No. 229, Trade Estate",KOLHAPUR-416121 MAHARASHT RA,+91-90135-69065,supplier135@example.com
Everest Spinning Mills,"Plot No. 127, Commerce Complex",SALEM-636006 TAMIL NADU,+91-90136-76984,supplier136@example.com
Vantage Cotton Exports,"Plot No. 123, Commerce Complex",SALEM-636008 TAMILNADU,+91-90137-84903,supplier137@example.com
Everest Fabrics,"Plot No. 147, Mill Road",KOLHAPUR-416121 MAHARASHT RA,+91-90138-92822,supplier138@example.com
Continental Weaving Co.,"Plot No. 164, Textile Park",ICHALKARANJI-416115 MAHARASHT RA,+91-90139-00741,supplier139@example.com
Silver Line Cotton Mills,"Plot No. 119, Export Zone",TIRUPUR-641605 TAMILNADU,+91-90140-08660,supplier140@example.com
Highland Cotton Mills,"Plot No. 110, Textile Park",KOLHAPUR-416115 MAHARASHT RA,+91-90141-16579,supplier141@example.com
Pioneer Fibre Mills,"Plot No. 239, Export Zone",NEW DELHI-110048 DELHI,+91-90142-24498,supplier142@example.com
Northstar Textile Exports,"Plot No. 200, Industrial Area",KOLHAPUR-416236 MAHARASHT RA,+91-90143-32417,supplier143@example.com
Aster Textile Industries,"Plot No. 195, Weavers Colony",KARUR-639002 TAMILNADU,+91-90144-40336,supplier144@example.com
Sunrise Weaving Co.,"Plot No. 153, Export Zone",TIRUPUR-641604 TAMILNADU,+91-90145-48255,supplier145@example.com
Aster Textile Exports,"Plot No. 276, Mill Road",MALEGAON-423203 MAHARASHT RA,+91-90146-56174,supplier146@example.com
Vantage Exports,"Plot No. 140, Export Zone",ICHALKARANJI-416117 MAHARASHT RA,+91-90147-64093,supplier147@example.com
Vantage Textiles,"Plot No. 200, Business Park",KARUR-639002 TAMILNADU,+91-90148-72012,supplier148@example.com
Lotus Cotton Mills,"Plot No. 240, Trade Estate",KARUR-639001 TAMILNADU,+91-90149-79931,supplier149@example.com
Meridian Fibre Mills,"Plot No. 14, Export Zone",MUMBAI-400099 MAHARASHT RA,+91-90150-87850,supplier150@example.com
Coastal Textiles,"Plot No. 43, Export Zone",KARUR-639002 TAMIL NADU,+91-90151-95769,supplier151@example.com
Silver Line Cotton Traders,"Plot No. 94, Industrial Area",KARUR-639001 TAMILNADU,+91-90152-03688,supplier152@example.com
Continental Textile Exports,"Plot No. 168, Mill Road",MUMBAI-400054 MAHARASHT RA,+91-90153-11607,supplier153@example.com
Everest Weaving Co.,"Plot No. 173, Export Zone",ERODE-638001 TAMILNADU,+91-90154-19526,supplier154@example.com
Riverside Weaving Co.,"Plot No. 115, Textile Park",DHULE-425405 MAHARASHT RA,+91-90155-27445,supplier155@example.com
Riverside Textiles,"Plot No. 127, Mill Road",MUMBAI-400054 MAHARASHT RA,+91-90156-35364,supplier156@example.com
Meridian Cotton Mills,"Plot No. 123, Trade Estate",KARUR-639002 TAMILNADU,+91-90157-43283,supplier157@example.com
Blue Sky Textile Industries,"Plot No. 112, Weavers Colony",KARUR-639002 TAMILNADU,+91-90158-51202,supplier158@example.com
